Titulo,Nombre del Canal,Subcriptores,Vistas Totales,Numero de Comentarios,Direccion,Ratio
Top 3 Gold Trading Tips for 2024,BKTraders - Kathy Lien & Boris Schlossberg,62700,123535,184,https://www.youtube.com/watch?v=KkChMmTz9kU,2639412555163.0435
BEST Trend Following Strategies for GOLD. XAUUSD DAY TRADING in 2024 (Get MAXIMUM Pips),VasilyTrader,26200,15538,22,https://www.youtube.com/watch?v=Uvq5nhuzX9o,484813850909.0909
The ONLY ICT Gold Trading Strategy That You Need To Know with a HIGH WINRATE!,SimulationFX,26900,12408,33,https://www.youtube.com/watch?v=uAL84CwKh3g,272077359999.99997
3 Key Tips for Trading Gold!,TraderNick,456000,96064,96,https://www.youtube.com/watch?v=oc2zqnvsqi0,208074624000000.0
BEST Gold Trading Strategy You&#39;ll EVER SEE!,Trade with Pat,202000,182184,238,https://www.youtube.com/watch?v=rtl2EaJuWko,31234604773109.246
"The Only GOLD Trading Strategy You Need to Turn 10$ to 1,800$ Daily",VasilyTrader,26200,99447,176,https://www.youtube.com/watch?v=dCRSkQpbENU,387865901590.9091
This GOLD Trading Strategy makes me $1000 a day,The Trading Geek,993000,759747,767,https://www.youtube.com/watch?v=AY7fWmE1CBk,976724601829204.6
The BEST Forex Trading Strategy for Gold *LIVE TRADING XAU/USD*,Jooviers Gems,536000,73118,178,https://www.youtube.com/watch?v=vJvlj3NkmtM,118014095101123.6
The Best Day Trading Strategy For Gold,illyrian forex,74100,13824,16,https://www.youtube.com/watch?v=arHSNeMm4-4,4744059839999.999
The HIGHEST Win Rate GOLD Scalping Strategy (83% Winrate),Trade with Pat,202000,74131,165,https://www.youtube.com/watch?v=kqN5qUFUY9E,18332371660606.06
XAUUSD Scalping Strategy,The Moving Average,959000,1298441,559,https://www.youtube.com/watch?v=oDOCBTYgCQM,2136228116853309.5
Best ICT Gold Trading Strategy That Works Every Time! (High Winrate),Faiz SMC,128000,345281,1112,https://www.youtube.com/watch?v=4ZY5OTWt3vU,5087305669064.748
Commodities Outlook - The Secrets to Trading Gold - Bloomberg,Bloomberg Originals,4220000,61174,37,https://www.youtube.com/watch?v=TcVgq0doQS4,2.9443542205405404e+16
"BEST Scalping Trading Strategy For Beginners (How To Scalp Forex, Stocks, and Crypto)",TradingLab,1260000,629958,1137,https://www.youtube.com/watch?v=XBcMiYK7qYY,879614178364116.0
Make $3K Every DAY Trading GOLD (Easy Strategy),Trade with Pat,202000,200254,269,https://www.youtube.com/watch?v=nE9Zrf7HowY,30376075152416.36
The Best Gold Trading Strategy Forex You will Ever See,Mathew Odong,6060,5737,52,https://www.youtube.com/watch?v=txKtzVKk9Rg,4051601792.3076925
How to Trade XAU/USD: Best Gold Trading Strategy?,TraderNick,456000,420579,365,https://www.youtube.com/watch?v=yuFfAM2abhQ,239598671079452.03
5 Essential Gold Trading Tips for 2024 - Gold Trading Strategy,BKTraders - Kathy Lien & Boris Schlossberg,62700,45369,66,https://www.youtube.com/watch?v=Vgqf2afNueM,2702404485000.0
The Only 5minutes GOLD Trading Strategy You Will Ever Need,ForexWizard,45300,36537,39,https://www.youtube.com/watch?v=xGrHuoWBrjw,1922492623846.1538
THE BEST STRATEGY ON GOLD IN 2024!!!!,PrecisionFX_EAGLE,14200,57803,184,https://www.youtube.com/watch?v=VMFMMBDl07w,63344548478.260864
Best ICT Gold Trading Strategy That Works! (Part 2),Faiz SMC,128000,92307,501,https://www.youtube.com/watch?v=kb9D3KR4t08,3018678419161.6763
How to Trade Gold like a Pro in 2024!,TraderNick,456000,101905,98,https://www.youtube.com/watch?v=3UZ6y6OPSag,216221613061224.47
Advanced Gold Trading Psychology 2024,Booming Bulls,2310000,108755,220,https://www.youtube.com/watch?v=XY6cSGJTiyo,2637852525000000.0
Revealing My Ultimate Gold Trading Strategy,Kommon Forex,13100,40891,86,https://www.youtube.com/watch?v=8Fr7YVKXfcg,81596564069.76744
The Only GOLD 15min Day Trading Strategy You Will Ever Need,ForexWizard,45300,81235,132,https://www.youtube.com/watch?v=Yj6vDKTVvM4,1262890387500.0
Best Gold Trading Strategy With 83% Winrate! (Insane Accuracy),Faiz SMC,128000,45916,276,https://www.youtube.com/watch?v=rXUDahzLjZM,2725680231884.058
ULTIMATE GOLD Day Trading Strategy (WIN 85%),Trade with Pat,202000,98019,337,https://www.youtube.com/watch?v=v3f5gHblXMc,11868152154302.67
Best Gold Trading Strategy? Backtesting a XAU/USD Trend Trading Strategy!,TraderNick,456000,14730,102,https://www.youtube.com/watch?v=dAR52QcK9mg,30028404705882.35
MOST BASIC ICT Liquidity Strategy for GOLD (Pass Prop Firms),Solo E TV,101000,23677,82,https://www.youtube.com/watch?v=RAT0_ZmiMX4,2945476548780.488
Day Trading THE OPEN ON GOLD - 50 Pips A Day,Stacey Burke Trading,81900,82000,173,https://www.youtube.com/watch?v=b93KDgynGuU,3179329595375.7227
How to Trade XAUUSD: Best Gold Trading Strategy?,WillssFX,81800,52941,57,https://www.youtube.com/watch?v=q6NayXQgZFs,6214753277894.736
BEST TradingView Indicator for Day Trading GOLD! (Easy STRATEGY),Trade with Pat,202000,122153,229,https://www.youtube.com/watch?v=5xR-Jhy6E2o,21765637606986.9
My Forex Gold Trend Trading Breakout Strategy!,Tradesharpe,68700,15145,49,https://www.youtube.com/watch?v=KIr1y_A56B4,1458769490816.3264
Best Gold Trading Strategy That Works Every Time ! (High Winrate),Clark Capital,51,393,4,https://www.youtube.com/watch?v=N1dStrTZELo,255548.25
How To Scalp GOLD In Forex | Gold Trading Strategy In 5 Minutes,Forex Trading Lions,14000,137337,90,https://www.youtube.com/watch?v=O2HSM4660LU,299089466666.6667
How to Trade XAUUSD: Best Gold Trading Strategy in 2023,Petko Aleksandrov,63000,21255,21,https://www.youtube.com/watch?v=i2ZXJNwwaz0,4017195000000.0
Best ICT Gold Trading Strategy Using Liquidity &amp; Inducement (FULL COURSE),Mulham Trading,103000,68208,118,https://www.youtube.com/watch?v=ddM8U79r-EE,6132361627118.645
• Forex Gold Trading Strategy Live | Forex Gold Live Trading Tutorial 2022,Precious Pips,4790,339354,285,https://www.youtube.com/watch?v=kY4jOziglF0,27319902145.263153
GOLD LIVE TRADE || 10 Lakhs ++ Profit!,Booming Bulls,2310000,452268,90,https://www.youtube.com/watch?v=NmspT4ogpLI,2.681496972e+16
"ALERTS TRADING STRATEGY || NIFTY, GOLD &amp; Forex",Booming Bulls,2310000,51353,116,https://www.youtube.com/watch?v=Ezlqgr74DC0,2362282269827586.0
EASY GOLD TRADING STRATEGY AFTER BANK COLLAPSE,Trade And Get Paid,66000,1918,28,https://www.youtube.com/watch?v=OKw3LRNan7c,298386000000.0
How I trade Gold 2024,WealthFRX,33300,114055,87,https://www.youtube.com/watch?v=OXWfi2bitpI,1453729298275.862
The best time to trade gold (XAUUSD) | Part 1 | Gold trading strategy,TIOmarkets,5680,60236,54,https://www.youtube.com/watch?v=F3fgiERWYQQ,35988109748.14815
I Found The Best Day Trading Strategy For Gold ( Insanely Profitable ! ),TradeIQ ,218000,68203,173,https://www.youtube.com/watch?v=gMMrlTikutc,18735718913294.797
Don’t Trade Gold (XAUUSD) As A Beginner,Jeffrey Benson Forex,334000,50312,502,https://www.youtube.com/watch?v=GpOviqw7_AE,11180488988047.809
GOLDEN STRATEGY FOR GOLD ( XAUUSD ),Young Trader Viraj,155000,29198,203,https://www.youtube.com/watch?v=z7jmHFIRIgI,3455576108374.3843
Day Trading Strategy for GOLD - ZILLA XAUUSD,Stacey Burke Trading,81900,11641,61,https://www.youtube.com/watch?v=7f7udfh2_e0,1280053901803.2788
The Only GOLD (XAUUSD) Trading Strategy You Need in 2023,Samuel Tochi,28900,45176,140,https://www.youtube.com/watch?v=XsZ5ond_7n4,269510335428.57144
Gold Trading for Beginners: How to Build Your Gold Trading Strategy,Capital.com,210000,308653,209,https://www.youtube.com/watch?v=udvUjY5YLwo,65127259808612.43
How I Scalp Gold in 2022,The Trading Geek,993000,340994,231,https://www.youtube.com/watch?v=lMMdvriN0d8,1455570531194805.2
