Titulo,Nombre del Canal,Subcriptores,Vistas Totales,Numero de Comentarios,Direccion,Ratio
Top 3 Gold Trading Tips for 2024,BKTraders - Kathy Lien & Boris Schlossberg,62700,123535,184,https://www.youtube.com/watch?v=KkChMmTz9kU,2639412555163.0435
Best ICT Gold Trading Strategy That Works Every Time! (High Winrate),Faiz SMC,128000,345281,1112,https://www.youtube.com/watch?v=4ZY5OTWt3vU,5087305669064.748
3 Key Tips for Trading Gold!,TraderNick,456000,96066,96,https://www.youtube.com/watch?v=oc2zqnvsqi0,208078956000000.0
"The Only GOLD Trading Strategy You Need to Turn 10$ to 1,800$ Daily",VasilyTrader,26200,99447,176,https://www.youtube.com/watch?v=dCRSkQpbENU,387865901590.9091
BEST Gold Trading Strategy You&#39;ll EVER SEE!,Trade with Pat,202000,182184,238,https://www.youtube.com/watch?v=rtl2EaJuWko,31234604773109.246
How to Trade Gold like a Pro in 2024!,TraderNick,456000,101905,98,https://www.youtube.com/watch?v=3UZ6y6OPSag,216221613061224.47
This GOLD Trading Strategy makes me $1000 a day,The Trading Geek,993000,759747,767,https://www.youtube.com/watch?v=AY7fWmE1CBk,976724601829204.6
Gold Trading for Beginners: How to Build Your Gold Trading Strategy,Capital.com,210000,308653,209,https://www.youtube.com/watch?v=udvUjY5YLwo,65127259808612.43
GOLDEN STRATEGY FOR GOLD ( XAUUSD ),Young Trader Viraj,155000,29198,203,https://www.youtube.com/watch?v=z7jmHFIRIgI,3455576108374.3843
Make $3K Every DAY Trading GOLD (Easy Strategy),Trade with Pat,202000,200254,269,https://www.youtube.com/watch?v=nE9Zrf7HowY,30376075152416.36
BEST Trend Following Strategies for GOLD. XAUUSD DAY TRADING in 2024 (Get MAXIMUM Pips),VasilyTrader,26200,15538,22,https://www.youtube.com/watch?v=Uvq5nhuzX9o,484813850909.0909
The HIGHEST Win Rate GOLD Scalping Strategy (83% Winrate),Trade with Pat,202000,74131,165,https://www.youtube.com/watch?v=kqN5qUFUY9E,18332371660606.06
XAUUSD Scalping Strategy,The Moving Average,959000,1298447,559,https://www.youtube.com/watch?v=oDOCBTYgCQM,2136237988205724.8
The Only 5minutes GOLD Trading Strategy You Will Ever Need,ForexWizard,45300,36537,39,https://www.youtube.com/watch?v=xGrHuoWBrjw,1922492623846.1538
Revealing My Ultimate Gold Trading Strategy,Kommon Forex,13100,40891,86,https://www.youtube.com/watch?v=8Fr7YVKXfcg,81596564069.76744
Commodities Outlook - The Secrets to Trading Gold - Bloomberg,Bloomberg Originals,4220000,61174,37,https://www.youtube.com/watch?v=TcVgq0doQS4,2.9443542205405404e+16
The ONLY ICT Gold Trading Strategy That You Need To Know with a HIGH WINRATE!,SimulationFX,26900,12408,33,https://www.youtube.com/watch?v=uAL84CwKh3g,272077359999.99997
Proven 5-Minute Forex Scalping Strategy for XAUUSD/GOLD. 🦁📈,Forex Trading Lions,14000,118791,36,https://www.youtube.com/watch?v=fSp-jMvNOhE,646751000000.0
5 Essential Gold Trading Tips for 2024 - Gold Trading Strategy,BKTraders - Kathy Lien & Boris Schlossberg,62700,45369,66,https://www.youtube.com/watch?v=Vgqf2afNueM,2702404485000.0
ULTIMATE GOLD Day Trading Strategy (WIN 85%),Trade with Pat,202000,98019,337,https://www.youtube.com/watch?v=v3f5gHblXMc,11868152154302.67
How to Trade Gold | Falcon FX Tutorials,Falcon FX,121000,51213,103,https://www.youtube.com/watch?v=CrrE8gP5dbU,7279704203883.494
"How I Made $21,000 In One Day Trading Gold | Trade Breakdown (Futures)",Doyle Exchange,142000,50921,330,https://www.youtube.com/watch?v=e9pnPjnGBKQ,3111427406060.606
The best time to trade gold (XAUUSD) | Part 1 | Gold trading strategy,TIOmarkets,5680,60236,54,https://www.youtube.com/watch?v=F3fgiERWYQQ,35988109748.14815
How to Trade XAU/USD: Best Gold Trading Strategy?,TraderNick,456000,420579,365,https://www.youtube.com/watch?v=yuFfAM2abhQ,239598671079452.03
The Ultimate Guide to Trading Gold (XAU/USD) | FREE COURSE,TraderNick,456000,111543,228,https://www.youtube.com/watch?v=jvrucuw38oo,101727216000000.0
Advanced Gold Trading Psychology 2024,Booming Bulls,2310000,108755,220,https://www.youtube.com/watch?v=XY6cSGJTiyo,2637852525000000.0
Day Trading THE OPEN ON GOLD - 50 Pips A Day,Stacey Burke Trading,81900,82000,173,https://www.youtube.com/watch?v=b93KDgynGuU,3179329595375.7227
The BEST Forex Trading Strategy for Gold *LIVE TRADING XAU/USD*,Jooviers Gems,536000,73118,178,https://www.youtube.com/watch?v=vJvlj3NkmtM,118014095101123.6
BEST Trend Lines Strategy for Daytrading Forex &amp; Stocks (Simple Technique),Data Trader,478000,449459,551,https://www.youtube.com/watch?v=vzC-D1Uc0J8,186377840573502.72
My Forex Gold Trend Trading Breakout Strategy!,Tradesharpe,68700,15156,49,https://www.youtube.com/watch?v=KIr1y_A56B4,1459829013061.2244
How I trade Gold 2024,WealthFRX,33300,114055,87,https://www.youtube.com/watch?v=OXWfi2bitpI,1453729298275.862
MOST BASIC ICT Liquidity Strategy for GOLD (Pass Prop Firms),Solo E TV,101000,23677,82,https://www.youtube.com/watch?v=RAT0_ZmiMX4,2945476548780.488
Best Gold Trading Strategy? Backtesting a XAU/USD Trend Trading Strategy!,TraderNick,456000,14730,102,https://www.youtube.com/watch?v=dAR52QcK9mg,30028404705882.35
The Supply &amp; Demand Strategy I Wish I Knew As a Beginner,Day Trading Addict,780000,288733,806,https://www.youtube.com/watch?v=CWjUmLZwj_c,217946845161290.3
Backtesting Gold with my Day Trading Strategy (SMC),JeaFx,145000,31111,74,https://www.youtube.com/watch?v=UGkR7_tq9ZA,8839307770270.27
📊 Do This 5 Minutes Before The Market&#39;s Open 🌇,Oliver Velez Trading,348000,108951,240,https://www.youtube.com/watch?v=voB7nFbpzxc,54976674600000.0
How I Scalp Gold in 2022,The Trading Geek,993000,340994,231,https://www.youtube.com/watch?v=lMMdvriN0d8,1455570531194805.2
Four Price Action Secrets (The Ultimate Guide To Price Action),TradingLab,1260000,1094561,889,https://www.youtube.com/watch?v=0L6Rcgp6j7Y,1954696337007874.0
Step-by-Step Gold Futures Scalping Strategy | LIVE TOPSTEP TRADING,Aaron Trades,19800,1712,18,https://www.youtube.com/watch?v=RZx7SqksJeg,37287360000.0
How to Trade XAUUSD: Best Gold Trading Strategy?,WillssFX,81800,52941,57,https://www.youtube.com/watch?v=q6NayXQgZFs,6214753277894.736
How To Grow A Small Stock Account,TradingLab,1260000,831735,1202,https://www.youtube.com/watch?v=5nPRbWwxPUQ,1098554480865224.8
How To Trade GOLD &amp; GBPJPY  | Best Forex Strategy,FX GOAT,111000,45731,88,https://www.youtube.com/watch?v=dLDnnm2ECQo,6402859670454.544
Best ICT Gold Trading Strategy That Works! (Part 2),Faiz SMC,128000,92307,501,https://www.youtube.com/watch?v=kb9D3KR4t08,3018678419161.6763
Best Gold Trading Strategy With 83% Winrate! (Insane Accuracy),Faiz SMC,128000,45921,276,https://www.youtube.com/watch?v=rXUDahzLjZM,2725977043478.2607
BEST 1 MINUTE SCALPING STRATEGY,BORSA 321,73500,698915,374,https://www.youtube.com/watch?v=3hJyExgLnwY,10095490798796.791
The Only GOLD 15min Day Trading Strategy You Will Ever Need,ForexWizard,45300,81235,132,https://www.youtube.com/watch?v=Yj6vDKTVvM4,1262890387500.0
3 SECRETS OF GOLD (XAUUSD),Young Trader Viraj,155000,97088,424,https://www.youtube.com/watch?v=SLMs3Rt6Q3A,5501271698113.207
"After 5 Years of Trading, This Scalping Strategy is THE ONE",The Trading Geek,993000,124641,677,https://www.youtube.com/watch?v=ul22YYIrP3U,181539340338257.03
RSI Divergence Trading Strategy,The Moving Average,959000,151814,126,https://www.youtube.com/watch?v=6V3lqzCPmqE,1108098820111111.0
Price Action Trading Strategy That Works (Must Watch),Rayner Teo,1980000,372951,92,https://www.youtube.com/watch?v=--vO0KIxabo,1.589257717826087e+16
